[
    {
      "model":"contenttypes.contenttype",
      "pk":1,
      "fields":{
        "app_label":"admin",
        "model":"logentry"
      }
    },
    {
      "model":"contenttypes.contenttype",
      "pk":2,
      "fields":{
        "app_label":"auth",
        "model":"permission"
      }
    },
    {
      "model":"contenttypes.contenttype",
      "pk":3,
      "fields":{
        "app_label":"auth",
        "model":"group"
      }
    },
    {
      "model":"contenttypes.contenttype",
      "pk":4,
      "fields":{
        "app_label":"auth",
        "model":"user"
      }
    },
    {
      "model":"contenttypes.contenttype",
      "pk":5,
      "fields":{
        "app_label":"contenttypes",
        "model":"contenttype"
      }
    },
    {
      "model":"contenttypes.contenttype",
      "pk":6,
      "fields":{
        "app_label":"sessions",
        "model":"session"
      }
    },
    {
      "model":"contenttypes.contenttype",
      "pk":7,
      "fields":{
        "app_label":"projects",
        "model":"delivery"
      }
    },
    {
      "model":"contenttypes.contenttype",
      "pk":8,
      "fields":{
        "app_label":"projects",
        "model":"project"
      }
    },
    {
      "model":"contenttypes.contenttype",
      "pk":9,
      "fields":{
        "app_label":"projects",
        "model":"projectcategory"
      }
    },
    {
      "model":"contenttypes.contenttype",
      "pk":10,
      "fields":{
        "app_label":"projects",
        "model":"task"
      }
    },
    {
      "model":"contenttypes.contenttype",
      "pk":11,
      "fields":{
        "app_label":"projects",
        "model":"taskfile"
      }
    },
    {
      "model":"contenttypes.contenttype",
      "pk":12,
      "fields":{
        "app_label":"projects",
        "model":"taskfileteam"
      }
    },
    {
      "model":"contenttypes.contenttype",
      "pk":13,
      "fields":{
        "app_label":"projects",
        "model":"taskoffer"
      }
    },
    {
      "model":"contenttypes.contenttype",
      "pk":14,
      "fields":{
        "app_label":"projects",
        "model":"team"
      }
    },
    {
      "model":"contenttypes.contenttype",
      "pk":15,
      "fields":{
        "app_label":"user",
        "model":"profile"
      }
    },
    {
      "model":"contenttypes.contenttype",
      "pk":16,
      "fields":{
        "app_label":"user",
        "model":"review"
      }
    },
    {
      "model":"contenttypes.contenttype",
      "pk":17,
      "fields":{
        "app_label":"payment",
        "model":"payment"
      }
    },
    {
      "model":"contenttypes.contenttype",
      "pk":18,
      "fields":{
        "app_label":"taggit",
        "model":"tag"
      }
    },
    {
      "model":"contenttypes.contenttype",
      "pk":19,
      "fields":{
        "app_label":"taggit",
        "model":"taggeditem"
      }
    },
    {
      "model":"sessions.session",
      "pk":"270fpdm1vhh4yrh6tawnjl7tnb6w34tq",
      "fields":{
        "session_data":"ZDQ3ZWU4M2U0OGRjZTRjNjQzNDM0M2Q3NTRhZWEwZWE2Mzg3ZDFiZDp7Il9hdXRoX3VzZXJfaWQiOiIxIiwiX2F1dGhfdXNlcl9iYWNrZW5kIjoiZGphbmdvLmNvbnRyaWIuYXV0aC5iYWNrZW5kcy5Nb2RlbEJhY2tlbmQiLCJfYXV0aF91c2VyX2hhc2giOiI3MWUxNjk0N2Q4NDZlNmQ0MTYzZTc3ZmUzNzJkZWEyNWI3Y2IzMTM5In0=",
        "expire_date":"2020-03-20T13:51:16.776Z"
      }
    },
    {
      "model":"sessions.session",
      "pk":"ehrzzt3c5qbjrqgh7id5dzrshhioedr7",
      "fields":{
        "session_data":"M2NhNGRkZmRhYTNiZDdkYzAyZWIzOWZmM2ViNmY3YTgwNmZkNjJiOTp7Il9hdXRoX3VzZXJfaWQiOiI1IiwiX2F1dGhfdXNlcl9iYWNrZW5kIjoiZGphbmdvLmNvbnRyaWIuYXV0aC5iYWNrZW5kcy5Nb2RlbEJhY2tlbmQiLCJfYXV0aF91c2VyX2hhc2giOiJlNzZlZDFhZDFhNGQ5MGNhODU5ZmU3Yjg5NTZkMzA2ODAyY2EzMmY3IiwibWVzc2FnZSI6dHJ1ZSwic3RhdHVzIjoiZGFuZ2VyIn0=",
        "expire_date":"2020-03-24T08:27:50.810Z"
      }
    },
    {
      "model":"sessions.session",
      "pk":"wpcsii9k02yiboehl9gxgz3pu978ytvm",
      "fields":{
        "session_data":"ZDQ5ZGFiNTVkYjBjNjgwOTU0ZmM3ZDRhODk5NTNiNzJjNDU4NDE1Mzp7Il9hdXRoX3VzZXJfaWQiOiIzIiwiX2F1dGhfdXNlcl9iYWNrZW5kIjoiZGphbmdvLmNvbnRyaWIuYXV0aC5iYWNrZW5kcy5Nb2RlbEJhY2tlbmQiLCJfYXV0aF91c2VyX2hhc2giOiIwNjNiY2Q2MGY4MWI0YzUyMDBhZTMzNmIwNTM0NjA1NGFkODE4ZGI1In0=",
        "expire_date":"2020-03-22T18:27:02.344Z"
      }
    },
    {
      "model":"projects.projectcategory",
      "pk":1,
      "fields":{
        "name":"Cleaning"
      }
    },
    {
      "model":"projects.projectcategory",
      "pk":2,
      "fields":{
        "name":"Painting"
      }
    },
    {
      "model":"projects.projectcategory",
      "pk":3,
      "fields":{
        "name":"Gardening"
      }
    },
    {
      "model":"projects.project",
      "pk":21,
      "fields":{
        "user":5,
        "title":"Please clean my house",
        "description":"First floor needs cleaning",
        "category":1,
        "status":"i",
        "participants":[
          1,
          2,
          3,
          4,
          5
        ]
      }
    },
    {
      "model":"projects.project",
      "pk":22,
      "fields":{
        "user":5,
        "title":"Clean my basement",
        "description":"My old basement needs cleaning",
        "category":1,
        "status":"o",
        "participants":[
          1,
          2,
          3,
          4
        ]
      }
    },
    {
      "model":"projects.project",
      "pk":23,
      "fields":{
        "user":5,
        "title":"Paint the garage",
        "description":"The garage needs painting",
        "category":2,
        "status":"o",
        "participants":[
          1,
          2,
          3,
          4,
          5
        ]
      }
    },
    {
      "model":"projects.project",
      "pk":24,
      "fields":{
        "user":2,
        "title":"Various painting",
        "description":"Paint some small parts of my house for a decent amount of money.",
        "category":2,
        "status":"o",
        "participants":[
          1,
          2,
          3,
          4,
          5
        ]
      }
    },
    {
      "model":"projects.project",
      "pk":25,
      "fields":{
        "user":3,
        "title":"Gardening",
        "description":"Small easy gardening task in my garden",
        "category":3,
        "status":"o",
        "participants":[
          1,
          2,
          3,
          4,
          5
        ]
      }
    },
    {
      "model":"projects.project",
      "pk":26,
      "fields":{
        "user":4,
        "title":"Landscaping",
        "description":"Create a landscaping plan for my driveway!",
        "category":3,
        "status":"o",
        "participants":[
          1,
          2,
          3,
          4,
          5
        ]
      }
    },
    {
      "model":"projects.task",
      "pk":24,
      "fields":{
        "project":21,
        "title":"Clean the bathroom",
        "description":"The bathroom on the first floor needs cleaning",
        "budget":100,
        "status":"pp",
        "feedback":"Hey",
        "read":[
          1,
          2,
          3,
          4,
          5
        ],
        "write":[
          1,
          2,
          3,
          4,
          5
        ],
        "modify":[
          1,
          2,
          3,
          4,
          5
        ]
      }
    },
    {
      "model":"projects.task",
      "pk":25,
      "fields":{
        "project":21,
        "title":"First floor cleaning",
        "description":"Clean everything except the bathroom",
        "budget":400,
        "status":"dd",
        "feedback":"",
        "read":[
          3
        ],
        "write":[
          3
        ],
        "modify":[
  
        ]
      }
    },
    {
      "model":"projects.task",
      "pk":26,
      "fields":{
        "project":22,
        "title":"Clean the hallway",
        "description":"Hallway is big and has a lot of dust",
        "budget":400,
        "status":"ad",
        "feedback":"",
        "read":[
  
        ],
        "write":[
  
        ],
        "modify":[
  
        ]
      }
    },
    {
      "model":"projects.task",
      "pk":27,
      "fields":{
        "project":22,
        "title":"Clean the bedroom",
        "description":"Small bedroom",
        "budget":200,
        "status":"ad",
        "feedback":"",
        "read":[
  
        ],
        "write":[
  
        ],
        "modify":[
  
        ]
      }
    },
    {
      "model":"projects.task",
      "pk":28,
      "fields":{
        "project":23,
        "title":"Paint the garage door white",
        "description":"Change the color of the garage door from red to white",
        "budget":500,
        "status":"ad",
        "feedback":"",
        "read":[
  
        ],
        "write":[
  
        ],
        "modify":[
  
        ]
      }
    },
    {
      "model":"projects.task",
      "pk":29,
      "fields":{
        "project":23,
        "title":"Paint the rest of the garage",
        "description":"Rest of the garage should be black",
        "budget":1000,
        "status":"ad",
        "feedback":"",
        "read":[
  
        ],
        "write":[
  
        ],
        "modify":[
  
        ]
      }
    },
    {
      "model":"projects.task",
      "pk":30,
      "fields":{
        "project":24,
        "title":"Paint the door",
        "description":"Paint the door red (currently, it is blue)",
        "budget":200,
        "status":"ad",
        "feedback":"",
        "read":[
  
        ],
        "write":[
  
        ],
        "modify":[
  
        ]
      }
    },
    {
      "model":"projects.task",
      "pk":31,
      "fields":{
        "project":24,
        "title":"Paint the railings ",
        "description":"The railing should be blue. Blue is my favorite color",
        "budget":500,
        "status":"ad",
        "feedback":"",
        "read":[
  
        ],
        "write":[
  
        ],
        "modify":[
  
        ]
      }
    },
    {
      "model":"projects.task",
      "pk":32,
      "fields":{
        "project":25,
        "title":"Pick garbage",
        "description":"Pick garbage around the house",
        "budget":50,
        "status":"ad",
        "feedback":"",
        "read":[
  
        ],
        "write":[
  
        ],
        "modify":[
  
        ]
      }
    },
    {
      "model":"projects.task",
      "pk":33,
      "fields":{
        "project":25,
        "title":"Mow the lawn",
        "description":"Mow the lawn",
        "budget":100,
        "status":"ad",
        "feedback":"",
        "read":[
  
        ],
        "write":[
  
        ],
        "modify":[
  
        ]
      }
    },
    {
      "model":"projects.task",
      "pk":34,
      "fields":{
        "project":26,
        "title":"Create a architectural drawing for a new driveway",
        "description":"Create a proposal architectural drawing for a new driveway",
        "budget":10000,
        "status":"ad",
        "feedback":"",
        "read":[
  
        ],
        "write":[
  
        ],
        "modify":[
  
        ]
      }
    },
    {
      "model":"projects.task",
      "pk":35,
      "fields":{
        "project":26,
        "title":"Do the landscaping for my driveway",
        "description":"Big task = a lot of money",
        "budget":100000,
        "status":"ad",
        "feedback":"",
        "read":[
  
        ],
        "write":[
  
        ],
        "modify":[
  
        ]
      }
    },
    {
      "model":"projects.delivery",
      "pk":2,
      "fields":{
        "task":25,
        "file":"static/uploads/tasks/25/1-_General_introduction_of_the_course.pdf",
        "comment":"Here you go",
        "delivery_user":3,
        "delivery_time":"2020-03-08T18:32:21.915Z",
        "responding_user":5,
        "responding_time":"2020-03-08T18:32:21.914Z",
        "status":"d",
        "feedback":"This does not cut it!!!"
      }
    },
    {
      "model":"projects.delivery",
      "pk":3,
      "fields":{
        "task":24,
        "file":"static/uploads/tasks/24/2_-Requirements_Elicitation.pdf",
        "comment":"Done!",
        "delivery_user":3,
        "delivery_time":"2020-03-08T18:31:57.238Z",
        "responding_user":5,
        "responding_time":"2020-03-08T18:31:57.235Z",
        "status":"a",
        "feedback":"Nice work!"
      }
    },
    {
      "model":"projects.taskoffer",
      "pk":3,
      "fields":{
        "task":24,
        "title":"I'm the best for this job",
        "description":"Please choose me",
        "price":100,
        "offerer":3,
        "status":"a",
        "feedback":"Accepted.  Please do it well!"
      }
    },
    {
      "model":"projects.taskoffer",
      "pk":4,
      "fields":{
        "task":25,
        "title":"I can also do this",
        "description":"Cheap!!",
        "price":200,
        "offerer":3,
        "status":"a",
        "feedback":"I'm trusting you Eirik on this one too!"
      }
    },
    {
      "model":"taggit.tag",
      "pk":35,
      "fields":{
        "name":"cleaning",
        "slug":"cleaning"
      }
    },
    {
      "model":"taggit.tag",
      "pk":36,
      "fields":{
        "name":"house",
        "slug":"house"
      }
    },
    {
      "model":"taggit.tag",
      "pk":37,
      "fields":{
        "name":"landscaping",
        "slug":"landscaping"
      }
    },
    {
      "model":"taggit.tag",
      "pk":38,
      "fields":{
        "name":"big-task",
        "slug":"big-task"
      }
    },
    {
      "model":"taggit.tag",
      "pk":39,
      "fields":{
        "name":"outside",
        "slug":"outside"
      }
    },
    {
      "model":"taggit.tag",
      "pk":40,
      "fields":{
        "name":"easy-money",
        "slug":"easy-money"
      }
    },
    {
      "model":"taggit.tag",
      "pk":41,
      "fields":{
        "name":"gardening",
        "slug":"gardening"
      }
    },
    {
      "model":"taggit.tag",
      "pk":42,
      "fields":{
        "name":"painting",
        "slug":"painting"
      }
    },
    {
      "model":"taggit.tag",
      "pk":43,
      "fields":{
        "name":"easy-task",
        "slug":"easy-task"
      }
    },
    {
      "model":"taggit.tag",
      "pk":44,
      "fields":{
        "name":"garage",
        "slug":"garage"
      }
    },
    {
      "model":"taggit.tag",
      "pk":45,
      "fields":{
        "name":"basement",
        "slug":"basement"
      }
    },
    {
      "model":"taggit.tag",
      "pk":46,
      "fields":{
        "name":"washing",
        "slug":"washing"
      }
    },
    {
      "model":"taggit.tag",
      "pk":47,
      "fields":{
        "name":"first-floor",
        "slug":"first-floor"
      }
    },
    {
      "model":"taggit.tag",
      "pk":48,
      "fields":{
        "name":"easy",
        "slug":"easy"
      }
    },
    {
      "model":"taggit.tag",
      "pk":49,
      "fields":{
        "name":"small-task",
        "slug":"small-task"
      }
    },
    {
      "model":"taggit.taggeditem",
      "pk":1,
      "fields":{
        "tag":37,
        "content_type":8,
        "object_id":26
      }
    },
    {
      "model":"taggit.taggeditem",
      "pk":2,
      "fields":{
        "tag":38,
        "content_type":8,
        "object_id":26
      }
    },
    {
      "model":"taggit.taggeditem",
      "pk":3,
      "fields":{
        "tag":39,
        "content_type":8,
        "object_id":26
      }
    },
    {
      "model":"taggit.taggeditem",
      "pk":4,
      "fields":{
        "tag":40,
        "content_type":8,
        "object_id":25
      }
    },
    {
      "model":"taggit.taggeditem",
      "pk":5,
      "fields":{
        "tag":41,
        "content_type":8,
        "object_id":25
      }
    },
    {
      "model":"taggit.taggeditem",
      "pk":6,
      "fields":{
        "tag":39,
        "content_type":8,
        "object_id":25
      }
    },
    {
      "model":"taggit.taggeditem",
      "pk":7,
      "fields":{
        "tag":42,
        "content_type":8,
        "object_id":24
      }
    },
    {
      "model":"taggit.taggeditem",
      "pk":8,
      "fields":{
        "tag":43,
        "content_type":8,
        "object_id":24
      }
    },
    {
      "model":"taggit.taggeditem",
      "pk":9,
      "fields":{
        "tag":36,
        "content_type":8,
        "object_id":24
      }
    },
    {
      "model":"taggit.taggeditem",
      "pk":10,
      "fields":{
        "tag":42,
        "content_type":8,
        "object_id":23
      }
    },
    {
      "model":"taggit.taggeditem",
      "pk":11,
      "fields":{
        "tag":44,
        "content_type":8,
        "object_id":23
      }
    },
    {
      "model":"taggit.taggeditem",
      "pk":12,
      "fields":{
        "tag":39,
        "content_type":8,
        "object_id":23
      }
    },
    {
      "model":"taggit.taggeditem",
      "pk":13,
      "fields":{
        "tag":35,
        "content_type":8,
        "object_id":22
      }
    },
    {
      "model":"taggit.taggeditem",
      "pk":14,
      "fields":{
        "tag":45,
        "content_type":8,
        "object_id":22
      }
    },
    {
      "model":"taggit.taggeditem",
      "pk":15,
      "fields":{
        "tag":46,
        "content_type":8,
        "object_id":22
      }
    },
    {
      "model":"taggit.taggeditem",
      "pk":16,
      "fields":{
        "tag":48,
        "content_type":8,
        "object_id":21
      }
    },
    {
      "model":"taggit.taggeditem",
      "pk":17,
      "fields":{
        "tag":35,
        "content_type":8,
        "object_id":21
      }
    },
    {
      "model":"taggit.taggeditem",
      "pk":18,
      "fields":{
        "tag":46,
        "content_type":8,
        "object_id":21
      }
    },
    {
      "model":"taggit.taggeditem",
      "pk":19,
      "fields":{
        "tag":47,
        "content_type":8,
        "object_id":21
      }
    },
    {
      "model":"taggit.taggeditem",
      "pk":20,
      "fields":{
        "tag":49,
        "content_type":8,
        "object_id":22
      }
    },
    {
      "model":"taggit.taggeditem",
      "pk":21,
      "fields":{
        "tag":37,
        "content_type":9,
        "object_id":3
      }
    },
    {
      "model":"taggit.taggeditem",
      "pk":22,
      "fields":{
        "tag":38,
        "content_type":9,
        "object_id":3
      }
    },
    {
      "model":"taggit.taggeditem",
      "pk":23,
      "fields":{
        "tag":39,
        "content_type":9,
        "object_id":3
      }
    },
    {
      "model":"taggit.taggeditem",
      "pk":24,
      "fields":{
        "tag":40,
        "content_type":9,
        "object_id":3
      }
    },
    {
      "model":"taggit.taggeditem",
      "pk":25,
      "fields":{
        "tag":41,
        "content_type":9,
        "object_id":3
      }
    },
    {
      "model":"taggit.taggeditem",
      "pk":26,
      "fields":{
        "tag":36,
        "content_type":9,
        "object_id":2
      }
    },
    {
      "model":"taggit.taggeditem",
      "pk":27,
      "fields":{
        "tag":39,
        "content_type":9,
        "object_id":2
      }
    },
    {
      "model":"taggit.taggeditem",
      "pk":28,
      "fields":{
        "tag":42,
        "content_type":9,
        "object_id":2
      }
    },
    {
      "model":"taggit.taggeditem",
      "pk":29,
      "fields":{
        "tag":43,
        "content_type":9,
        "object_id":2
      }
    },
    {
      "model":"taggit.taggeditem",
      "pk":30,
      "fields":{
        "tag":44,
        "content_type":9,
        "object_id":2
      }
    },
    {
      "model":"taggit.taggeditem",
      "pk":31,
      "fields":{
        "tag":35,
        "content_type":9,
        "object_id":1
      }
    },
    {
      "model":"taggit.taggeditem",
      "pk":32,
      "fields":{
        "tag":45,
        "content_type":9,
        "object_id":1
      }
    },
    {
      "model":"taggit.taggeditem",
      "pk":33,
      "fields":{
        "tag":46,
        "content_type":9,
        "object_id":1
      }
    },
    {
      "model":"taggit.taggeditem",
      "pk":34,
      "fields":{
        "tag":47,
        "content_type":9,
        "object_id":1
      }
    },
    {
      "model":"taggit.taggeditem",
      "pk":35,
      "fields":{
        "tag":48,
        "content_type":9,
        "object_id":1
      }
    },
    {
      "model":"taggit.taggeditem",
      "pk":36,
      "fields":{
        "tag":49,
        "content_type":9,
        "object_id":1
      }
    },
    {
      "model":"taggit.taggeditem",
      "pk":37,
      "fields":{
        "tag":48,
        "content_type":8,
        "object_id":22
      }
    },
    {
      "model":"taggit.taggeditem",
      "pk":38,
      "fields":{
        "tag":47,
        "content_type":8,
        "object_id":22
      }
    },
    {
      "model":"auth.permission",
      "pk":1,
      "fields":{
        "name":"Can add log entry",
        "content_type":1,
        "codename":"add_logentry"
      }
    },
    {
      "model":"auth.permission",
      "pk":2,
      "fields":{
        "name":"Can change log entry",
        "content_type":1,
        "codename":"change_logentry"
      }
    },
    {
      "model":"auth.permission",
      "pk":3,
      "fields":{
        "name":"Can delete log entry",
        "content_type":1,
        "codename":"delete_logentry"
      }
    },
    {
      "model":"auth.permission",
      "pk":4,
      "fields":{
        "name":"Can view log entry",
        "content_type":1,
        "codename":"view_logentry"
      }
    },
    {
      "model":"auth.permission",
      "pk":5,
      "fields":{
        "name":"Can add permission",
        "content_type":2,
        "codename":"add_permission"
      }
    },
    {
      "model":"auth.permission",
      "pk":6,
      "fields":{
        "name":"Can change permission",
        "content_type":2,
        "codename":"change_permission"
      }
    },
    {
      "model":"auth.permission",
      "pk":7,
      "fields":{
        "name":"Can delete permission",
        "content_type":2,
        "codename":"delete_permission"
      }
    },
    {
      "model":"auth.permission",
      "pk":8,
      "fields":{
        "name":"Can view permission",
        "content_type":2,
        "codename":"view_permission"
      }
    },
    {
      "model":"auth.permission",
      "pk":9,
      "fields":{
        "name":"Can add group",
        "content_type":3,
        "codename":"add_group"
      }
    },
    {
      "model":"auth.permission",
      "pk":10,
      "fields":{
        "name":"Can change group",
        "content_type":3,
        "codename":"change_group"
      }
    },
    {
      "model":"auth.permission",
      "pk":11,
      "fields":{
        "name":"Can delete group",
        "content_type":3,
        "codename":"delete_group"
      }
    },
    {
      "model":"auth.permission",
      "pk":12,
      "fields":{
        "name":"Can view group",
        "content_type":3,
        "codename":"view_group"
      }
    },
    {
      "model":"auth.permission",
      "pk":13,
      "fields":{
        "name":"Can add user",
        "content_type":4,
        "codename":"add_user"
      }
    },
    {
      "model":"auth.permission",
      "pk":14,
      "fields":{
        "name":"Can change user",
        "content_type":4,
        "codename":"change_user"
      }
    },
    {
      "model":"auth.permission",
      "pk":15,
      "fields":{
        "name":"Can delete user",
        "content_type":4,
        "codename":"delete_user"
      }
    },
    {
      "model":"auth.permission",
      "pk":16,
      "fields":{
        "name":"Can view user",
        "content_type":4,
        "codename":"view_user"
      }
    },
    {
      "model":"auth.permission",
      "pk":17,
      "fields":{
        "name":"Can add content type",
        "content_type":5,
        "codename":"add_contenttype"
      }
    },
    {
      "model":"auth.permission",
      "pk":18,
      "fields":{
        "name":"Can change content type",
        "content_type":5,
        "codename":"change_contenttype"
      }
    },
    {
      "model":"auth.permission",
      "pk":19,
      "fields":{
        "name":"Can delete content type",
        "content_type":5,
        "codename":"delete_contenttype"
      }
    },
    {
      "model":"auth.permission",
      "pk":20,
      "fields":{
        "name":"Can view content type",
        "content_type":5,
        "codename":"view_contenttype"
      }
    },
    {
      "model":"auth.permission",
      "pk":21,
      "fields":{
        "name":"Can add session",
        "content_type":6,
        "codename":"add_session"
      }
    },
    {
      "model":"auth.permission",
      "pk":22,
      "fields":{
        "name":"Can change session",
        "content_type":6,
        "codename":"change_session"
      }
    },
    {
      "model":"auth.permission",
      "pk":23,
      "fields":{
        "name":"Can delete session",
        "content_type":6,
        "codename":"delete_session"
      }
    },
    {
      "model":"auth.permission",
      "pk":24,
      "fields":{
        "name":"Can view session",
        "content_type":6,
        "codename":"view_session"
      }
    },
    {
      "model":"auth.permission",
      "pk":25,
      "fields":{
        "name":"Can add delivery",
        "content_type":7,
        "codename":"add_delivery"
      }
    },
    {
      "model":"auth.permission",
      "pk":26,
      "fields":{
        "name":"Can change delivery",
        "content_type":7,
        "codename":"change_delivery"
      }
    },
    {
      "model":"auth.permission",
      "pk":27,
      "fields":{
        "name":"Can delete delivery",
        "content_type":7,
        "codename":"delete_delivery"
      }
    },
    {
      "model":"auth.permission",
      "pk":28,
      "fields":{
        "name":"Can view delivery",
        "content_type":7,
        "codename":"view_delivery"
      }
    },
    {
      "model":"auth.permission",
      "pk":29,
      "fields":{
        "name":"Can add project",
        "content_type":8,
        "codename":"add_project"
      }
    },
    {
      "model":"auth.permission",
      "pk":30,
      "fields":{
        "name":"Can change project",
        "content_type":8,
        "codename":"change_project"
      }
    },
    {
      "model":"auth.permission",
      "pk":31,
      "fields":{
        "name":"Can delete project",
        "content_type":8,
        "codename":"delete_project"
      }
    },
    {
      "model":"auth.permission",
      "pk":32,
      "fields":{
        "name":"Can view project",
        "content_type":8,
        "codename":"view_project"
      }
    },
    {
      "model":"auth.permission",
      "pk":33,
      "fields":{
        "name":"Can add project category",
        "content_type":9,
        "codename":"add_projectcategory"
      }
    },
    {
      "model":"auth.permission",
      "pk":34,
      "fields":{
        "name":"Can change project category",
        "content_type":9,
        "codename":"change_projectcategory"
      }
    },
    {
      "model":"auth.permission",
      "pk":35,
      "fields":{
        "name":"Can delete project category",
        "content_type":9,
        "codename":"delete_projectcategory"
      }
    },
    {
      "model":"auth.permission",
      "pk":36,
      "fields":{
        "name":"Can view project category",
        "content_type":9,
        "codename":"view_projectcategory"
      }
    },
    {
      "model":"auth.permission",
      "pk":37,
      "fields":{
        "name":"Can add task",
        "content_type":10,
        "codename":"add_task"
      }
    },
    {
      "model":"auth.permission",
      "pk":38,
      "fields":{
        "name":"Can change task",
        "content_type":10,
        "codename":"change_task"
      }
    },
    {
      "model":"auth.permission",
      "pk":39,
      "fields":{
        "name":"Can delete task",
        "content_type":10,
        "codename":"delete_task"
      }
    },
    {
      "model":"auth.permission",
      "pk":40,
      "fields":{
        "name":"Can view task",
        "content_type":10,
        "codename":"view_task"
      }
    },
    {
      "model":"auth.permission",
      "pk":41,
      "fields":{
        "name":"Can add task file",
        "content_type":11,
        "codename":"add_taskfile"
      }
    },
    {
      "model":"auth.permission",
      "pk":42,
      "fields":{
        "name":"Can change task file",
        "content_type":11,
        "codename":"change_taskfile"
      }
    },
    {
      "model":"auth.permission",
      "pk":43,
      "fields":{
        "name":"Can delete task file",
        "content_type":11,
        "codename":"delete_taskfile"
      }
    },
    {
      "model":"auth.permission",
      "pk":44,
      "fields":{
        "name":"Can view task file",
        "content_type":11,
        "codename":"view_taskfile"
      }
    },
    {
      "model":"auth.permission",
      "pk":45,
      "fields":{
        "name":"Can add task file team",
        "content_type":12,
        "codename":"add_taskfileteam"
      }
    },
    {
      "model":"auth.permission",
      "pk":46,
      "fields":{
        "name":"Can change task file team",
        "content_type":12,
        "codename":"change_taskfileteam"
      }
    },
    {
      "model":"auth.permission",
      "pk":47,
      "fields":{
        "name":"Can delete task file team",
        "content_type":12,
        "codename":"delete_taskfileteam"
      }
    },
    {
      "model":"auth.permission",
      "pk":48,
      "fields":{
        "name":"Can view task file team",
        "content_type":12,
        "codename":"view_taskfileteam"
      }
    },
    {
      "model":"auth.permission",
      "pk":49,
      "fields":{
        "name":"Can add task offer",
        "content_type":13,
        "codename":"add_taskoffer"
      }
    },
    {
      "model":"auth.permission",
      "pk":50,
      "fields":{
        "name":"Can change task offer",
        "content_type":13,
        "codename":"change_taskoffer"
      }
    },
    {
      "model":"auth.permission",
      "pk":51,
      "fields":{
        "name":"Can delete task offer",
        "content_type":13,
        "codename":"delete_taskoffer"
      }
    },
    {
      "model":"auth.permission",
      "pk":52,
      "fields":{
        "name":"Can view task offer",
        "content_type":13,
        "codename":"view_taskoffer"
      }
    },
    {
      "model":"auth.permission",
      "pk":53,
      "fields":{
        "name":"Can add team",
        "content_type":14,
        "codename":"add_team"
      }
    },
    {
      "model":"auth.permission",
      "pk":54,
      "fields":{
        "name":"Can change team",
        "content_type":14,
        "codename":"change_team"
      }
    },
    {
      "model":"auth.permission",
      "pk":55,
      "fields":{
        "name":"Can delete team",
        "content_type":14,
        "codename":"delete_team"
      }
    },
    {
      "model":"auth.permission",
      "pk":56,
      "fields":{
        "name":"Can view team",
        "content_type":14,
        "codename":"view_team"
      }
    },
    {
      "model":"auth.permission",
      "pk":57,
      "fields":{
        "name":"Can add profile",
        "content_type":15,
        "codename":"add_profile"
      }
    },
    {
      "model":"auth.permission",
      "pk":58,
      "fields":{
        "name":"Can change profile",
        "content_type":15,
        "codename":"change_profile"
      }
    },
    {
      "model":"auth.permission",
      "pk":59,
      "fields":{
        "name":"Can delete profile",
        "content_type":15,
        "codename":"delete_profile"
      }
    },
    {
      "model":"auth.permission",
      "pk":60,
      "fields":{
        "name":"Can view profile",
        "content_type":15,
        "codename":"view_profile"
      }
    },
    {
      "model":"auth.permission",
      "pk":61,
      "fields":{
        "name":"Can add review",
        "content_type":16,
        "codename":"add_review"
      }
    },
    {
      "model":"auth.permission",
      "pk":62,
      "fields":{
        "name":"Can change review",
        "content_type":16,
        "codename":"change_review"
      }
    },
    {
      "model":"auth.permission",
      "pk":63,
      "fields":{
        "name":"Can delete review",
        "content_type":16,
        "codename":"delete_review"
      }
    },
    {
      "model":"auth.permission",
      "pk":64,
      "fields":{
        "name":"Can view review",
        "content_type":16,
        "codename":"view_review"
      }
    },
    {
      "model":"auth.permission",
      "pk":65,
      "fields":{
        "name":"Can add payment",
        "content_type":17,
        "codename":"add_payment"
      }
    },
    {
      "model":"auth.permission",
      "pk":66,
      "fields":{
        "name":"Can change payment",
        "content_type":17,
        "codename":"change_payment"
      }
    },
    {
      "model":"auth.permission",
      "pk":67,
      "fields":{
        "name":"Can delete payment",
        "content_type":17,
        "codename":"delete_payment"
      }
    },
    {
      "model":"auth.permission",
      "pk":68,
      "fields":{
        "name":"Can view payment",
        "content_type":17,
        "codename":"view_payment"
      }
    },
    {
      "model":"auth.permission",
      "pk":69,
      "fields":{
        "name":"Can add Tag",
        "content_type":18,
        "codename":"add_tag"
      }
    },
    {
      "model":"auth.permission",
      "pk":70,
      "fields":{
        "name":"Can change Tag",
        "content_type":18,
        "codename":"change_tag"
      }
    },
    {
      "model":"auth.permission",
      "pk":71,
      "fields":{
        "name":"Can delete Tag",
        "content_type":18,
        "codename":"delete_tag"
      }
    },
    {
      "model":"auth.permission",
      "pk":72,
      "fields":{
        "name":"Can view Tag",
        "content_type":18,
        "codename":"view_tag"
      }
    },
    {
      "model":"auth.permission",
      "pk":73,
      "fields":{
        "name":"Can add Tagged Item",
        "content_type":19,
        "codename":"add_taggeditem"
      }
    },
    {
      "model":"auth.permission",
      "pk":74,
      "fields":{
        "name":"Can change Tagged Item",
        "content_type":19,
        "codename":"change_taggeditem"
      }
    },
    {
      "model":"auth.permission",
      "pk":75,
      "fields":{
        "name":"Can delete Tagged Item",
        "content_type":19,
        "codename":"delete_taggeditem"
      }
    },
    {
      "model":"auth.permission",
      "pk":76,
      "fields":{
        "name":"Can view Tagged Item",
        "content_type":19,
        "codename":"view_taggeditem"
      }
    },
    {
      "model":"auth.user",
      "pk":1,
      "fields":{
        "password":"pbkdf2_sha256$120000$4rnsjoKOMtp2$SCwjx3FNyRpk6mILcMSIKWvhYOuv3ROjz3jRuYQdELI=",
        "last_login":"2020-03-06T13:51:16Z",
        "is_superuser":true,
        "username":"Tien",
        "first_name":"Tien",
        "last_name":"",
        "email":"",
        "is_staff":true,
        "is_active":true,
        "date_joined":"2020-03-06T10:14:50Z",
        "groups":[
  
        ],
        "user_permissions":[
  
        ]
      }
    },
    {
      "model":"auth.user",
      "pk":2,
      "fields":{
        "password":"pbkdf2_sha256$120000$w3N3NtTs4ljv$a0dUqPjmQFe4WOhab4cH8qXC14gnXyhD7yG+TC+4U84=",
        "last_login":null,
        "is_superuser":false,
        "username":"Bjarte",
        "first_name":"Bjarte",
        "last_name":"",
        "email":"",
        "is_staff":false,
        "is_active":true,
        "date_joined":"2020-03-06T10:17:46Z",
        "groups":[
  
        ],
        "user_permissions":[
  
        ]
      }
    },
    {
      "model":"auth.user",
      "pk":3,
      "fields":{
        "password":"pbkdf2_sha256$120000$Q7Oks47MNT1G$o0hB/jbsG7vnkh1KTFQErJqiYANuC043DCB/AFQ6X14=",
        "last_login":"2020-03-08T18:27:02.333Z",
        "is_superuser":false,
        "username":"Eirik",
        "first_name":"Eirik",
        "last_name":"",
        "email":"",
        "is_staff":false,
        "is_active":true,
        "date_joined":"2020-03-06T10:18:12Z",
        "groups":[
  
        ],
        "user_permissions":[
  
        ]
      }
    },
    {
      "model":"auth.user",
      "pk":4,
      "fields":{
        "password":"pbkdf2_sha256$120000$YgHjIQm9sAlW$pGfXaYh5f7/TfRbC2+T9LCPHehovqfsH7zbiOSqO+Iw=",
        "last_login":"2020-03-06T11:18:40Z",
        "is_superuser":false,
        "username":"Seb",
        "first_name":"Sebastian",
        "last_name":"",
        "email":"",
        "is_staff":false,
        "is_active":true,
        "date_joined":"2020-03-06T11:18:27Z",
        "groups":[
  
        ],
        "user_permissions":[
  
        ]
      }
    },
    {
      "model":"auth.user",
      "pk":5,
      "fields":{
        "password":"pbkdf2_sha256$120000$hCczc6B1dJxa$9c5aAPuSh1Yn0n05C8FNMeDbv08haZnHQUi7aRP9LJE=",
        "last_login":"2020-03-07T15:50:52Z",
        "is_superuser":true,
        "username":"Mats",
        "first_name":"Mats",
        "last_name":"",
        "email":"",
        "is_staff":true,
        "is_active":true,
        "date_joined":"2020-03-07T15:50:16Z",
        "groups":[
  
        ],
        "user_permissions":[
  
        ]
      }
    },
    {
      "model":"user.profile",
      "pk":1,
      "fields":{
        "user":1,
        "company":"",
        "phone_number":"",
        "country":"",
        "state":"",
        "city":"",
        "postal_code":"",
        "street_address":"",
        "categories":[
          1,
          2,
          3
        ]
      }
    },
    {
      "model":"user.profile",
      "pk":2,
      "fields":{
        "user":2,
        "company":"",
        "phone_number":"",
        "country":"",
        "state":"",
        "city":"",
        "postal_code":"",
        "street_address":"",
        "categories":[
          2
        ]
      }
    },
    {
      "model":"user.profile",
      "pk":3,
      "fields":{
        "user":3,
        "company":"",
        "phone_number":"",
        "country":"",
        "state":"",
        "city":"",
        "postal_code":"",
        "street_address":"",
        "categories":[
          3
        ]
      }
    },
    {
      "model":"user.profile",
      "pk":4,
      "fields":{
        "user":4,
        "company":"",
        "phone_number":"",
        "country":"",
        "state":"",
        "city":"",
        "postal_code":"",
        "street_address":"",
        "categories":[
          1
        ]
      }
    },
    {
      "model":"user.profile",
      "pk":5,
      "fields":{
        "user":5,
        "company":"",
        "phone_number":"",
        "country":"",
        "state":"",
        "city":"",
        "postal_code":"",
        "street_address":"",
        "categories":[
          1,
          2,
          3
        ]
      }
    },
    {
      "model":"user.review",
      "pk":5,
      "fields":{
        "reviewer":1,
        "reviewed":1,
        "rating":5,
        "comment":"Tien delivers as promised. Easy communcation. Can recommend!"
      }
    },
    {
      "model":"user.review",
      "pk":6,
      "fields":{
        "reviewer":1,
        "reviewed":2,
        "rating":1,
        "comment":"Do not trust this guy!"
      }
    },
    {
      "model":"user.review",
      "pk":7,
      "fields":{
        "reviewer":4,
        "reviewed":1,
        "rating":3,
        "comment":"Ok experience. Some misunderstandings"
      }
    },
    {
      "model":"user.review",
      "pk":9,
      "fields":{
        "reviewer":4,
        "reviewed":2,
        "rating":1,
        "comment":"Scam!!!"
      }
    },
    {
      "model":"user.review",
      "pk":10,
      "fields":{
        "reviewer":4,
        "reviewed":3,
        "rating":1,
        "comment":"No good experience!!"
      }
    },
    {
      "model":"user.review",
      "pk":11,
      "fields":{
        "reviewer":4,
        "reviewed":3,
        "rating":5,
        "comment":":)"
      }
    },
    {
      "model":"user.review",
      "pk":12,
      "fields":{
        "reviewer":4,
        "reviewed":3,
        "rating":4,
        "comment":"Cool guy"
      }
    },
    {
      "model":"user.review",
      "pk":13,
      "fields":{
        "reviewer":4,
        "reviewed":3,
        "rating":3,
        "comment":"Cool man"
      }
    },
    {
      "model":"user.review",
      "pk":14,
      "fields":{
        "reviewer":4,
        "reviewed":3,
        "rating":4,
        "comment":"Good"
      }
    },
    {
      "model":"user.review",
      "pk":18,
      "fields":{
        "reviewer":4,
        "reviewed":1,
        "rating":1,
        "comment":"..."
      }
    },
    {
      "model":"user.review",
      "pk":19,
      "fields":{
        "reviewer":4,
        "reviewed":2,
        "rating":1,
        "comment":"BAD"
      }
    },
    {
      "model":"user.review",
      "pk":20,
      "fields":{
        "reviewer":4,
        "reviewed":1,
        "rating":3,
        "comment":"Okay experience"
      }
    },
    {
      "model":"user.review",
      "pk":22,
      "fields":{
        "reviewer":4,
        "reviewed":1,
        "rating":5,
        "comment":"Nice!!"
      }
    },
    {
      "model":"admin.logentry",
      "pk":1,
      "fields":{
        "action_time":"2020-03-06T10:17:46.208Z",
        "user":1,
        "content_type":4,
        "object_id":"2",
        "object_repr":"Bjarte",
        "action_flag":1,
        "change_message":"[{\"added\": {}}]"
      }
    },
    {
      "model":"admin.logentry",
      "pk":2,
      "fields":{
        "action_time":"2020-03-06T10:18:13.029Z",
        "user":1,
        "content_type":4,
        "object_id":"3",
        "object_repr":"Eirik",
        "action_flag":1,
        "change_message":"[{\"added\": {}}]"
      }
    },
    {
      "model":"admin.logentry",
      "pk":3,
      "fields":{
        "action_time":"2020-03-06T10:42:26.743Z",
        "user":1,
        "content_type":16,
        "object_id":"1",
        "object_repr":"1 aaa",
        "action_flag":2,
        "change_message":"[]"
      }
    },
    {
      "model":"admin.logentry",
      "pk":4,
      "fields":{
        "action_time":"2020-03-06T11:14:02.639Z",
        "user":1,
        "content_type":16,
        "object_id":"4",
        "object_repr":"5 nice man",
        "action_flag":3,
        "change_message":""
      }
    },
    {
      "model":"admin.logentry",
      "pk":5,
      "fields":{
        "action_time":"2020-03-06T11:14:02.639Z",
        "user":1,
        "content_type":16,
        "object_id":"3",
        "object_repr":"1 U suck man",
        "action_flag":3,
        "change_message":""
      }
    },
    {
      "model":"admin.logentry",
      "pk":6,
      "fields":{
        "action_time":"2020-03-06T11:14:02.654Z",
        "user":1,
        "content_type":16,
        "object_id":"2",
        "object_repr":"4 dsdsa",
        "action_flag":3,
        "change_message":""
      }
    },
    {
      "model":"admin.logentry",
      "pk":7,
      "fields":{
        "action_time":"2020-03-06T11:14:02.654Z",
        "user":1,
        "content_type":16,
        "object_id":"1",
        "object_repr":"1 aaa",
        "action_flag":3,
        "change_message":""
      }
    },
    {
      "model":"admin.logentry",
      "pk":8,
      "fields":{
        "action_time":"2020-03-06T11:16:46.941Z",
        "user":1,
        "content_type":16,
        "object_id":"6",
        "object_repr":"1 shit",
        "action_flag":2,
        "change_message":"[{\"changed\": {\"fields\": [\"reviewed\"]}}]"
      }
    },
    {
      "model":"admin.logentry",
      "pk":9,
      "fields":{
        "action_time":"2020-03-06T11:16:57.831Z",
        "user":1,
        "content_type":16,
        "object_id":"6",
        "object_repr":"1 shit",
        "action_flag":2,
        "change_message":"[]"
      }
    },
    {
      "model":"admin.logentry",
      "pk":10,
      "fields":{
        "action_time":"2020-03-06T13:41:17.249Z",
        "user":4,
        "content_type":9,
        "object_id":"1",
        "object_repr":"cat",
        "action_flag":1,
        "change_message":"[{\"added\": {}}]"
      }
    },
    {
      "model":"admin.logentry",
      "pk":11,
      "fields":{
        "action_time":"2020-03-07T15:51:28.239Z",
        "user":5,
        "content_type":4,
        "object_id":"5",
        "object_repr":"Mats",
        "action_flag":2,
        "change_message":"[{\"changed\": {\"fields\": [\"username\", \"first_name\"]}}, {\"changed\": {\"name\": \"profile\", \"object\": \"Mats\", \"fields\": [\"categories\"]}}]"
      }
    },
    {
      "model":"admin.logentry",
      "pk":12,
      "fields":{
        "action_time":"2020-03-07T15:51:42.233Z",
        "user":5,
        "content_type":4,
        "object_id":"1",
        "object_repr":"Tien",
        "action_flag":2,
        "change_message":"[{\"changed\": {\"fields\": [\"username\", \"first_name\"]}}, {\"changed\": {\"name\": \"profile\", \"object\": \"Tien\", \"fields\": [\"categories\"]}}]"
      }
    },
    {
      "model":"admin.logentry",
      "pk":13,
      "fields":{
        "action_time":"2020-03-07T15:52:09.036Z",
        "user":5,
        "content_type":4,
        "object_id":"4",
        "object_repr":"Seb",
        "action_flag":2,
        "change_message":"[{\"changed\": {\"fields\": [\"username\"]}}, {\"changed\": {\"name\": \"profile\", \"object\": \"Seb\", \"fields\": [\"categories\"]}}]"
      }
    },
    {
      "model":"admin.logentry",
      "pk":14,
      "fields":{
        "action_time":"2020-03-07T15:52:16.763Z",
        "user":5,
        "content_type":4,
        "object_id":"2",
        "object_repr":"Bjarte",
        "action_flag":2,
        "change_message":"[{\"changed\": {\"fields\": [\"first_name\"]}}, {\"changed\": {\"name\": \"profile\", \"object\": \"Bjarte\", \"fields\": [\"categories\"]}}]"
      }
    },
    {
      "model":"admin.logentry",
      "pk":15,
      "fields":{
        "action_time":"2020-03-07T15:52:22.230Z",
        "user":5,
        "content_type":4,
        "object_id":"3",
        "object_repr":"Eirik",
        "action_flag":2,
        "change_message":"[{\"changed\": {\"name\": \"profile\", \"object\": \"Eirik\", \"fields\": [\"categories\"]}}]"
      }
    },
    {
      "model":"admin.logentry",
      "pk":16,
      "fields":{
        "action_time":"2020-03-07T15:52:32.507Z",
        "user":5,
        "content_type":8,
        "object_id":"1",
        "object_repr":"test",
        "action_flag":3,
        "change_message":""
      }
    },
    {
      "model":"admin.logentry",
      "pk":17,
      "fields":{
        "action_time":"2020-03-07T15:54:11.903Z",
        "user":5,
        "content_type":8,
        "object_id":"26",
        "object_repr":"Landscaping",
        "action_flag":2,
        "change_message":"[{\"changed\": {\"fields\": [\"participants\", \"tags\"]}}]"
      }
    },
    {
      "model":"admin.logentry",
      "pk":18,
      "fields":{
        "action_time":"2020-03-07T15:54:46.420Z",
        "user":5,
        "content_type":8,
        "object_id":"25",
        "object_repr":"Gardening",
        "action_flag":2,
        "change_message":"[{\"changed\": {\"fields\": [\"participants\", \"tags\"]}}]"
      }
    },
    {
      "model":"admin.logentry",
      "pk":19,
      "fields":{
        "action_time":"2020-03-07T15:55:17.769Z",
        "user":5,
        "content_type":8,
        "object_id":"24",
        "object_repr":"Various painting",
        "action_flag":2,
        "change_message":"[{\"changed\": {\"fields\": [\"participants\", \"tags\"]}}]"
      }
    },
    {
      "model":"admin.logentry",
      "pk":20,
      "fields":{
        "action_time":"2020-03-07T15:58:01.758Z",
        "user":5,
        "content_type":8,
        "object_id":"23",
        "object_repr":"Paint the garage",
        "action_flag":2,
        "change_message":"[{\"changed\": {\"fields\": [\"participants\", \"status\", \"tags\"]}}]"
      }
    },
    {
      "model":"admin.logentry",
      "pk":21,
      "fields":{
        "action_time":"2020-03-07T15:58:35.333Z",
        "user":5,
        "content_type":8,
        "object_id":"22",
        "object_repr":"Clean my basement",
        "action_flag":2,
        "change_message":"[{\"changed\": {\"fields\": [\"user\", \"participants\", \"status\", \"tags\"]}}]"
      }
    },
    {
      "model":"admin.logentry",
      "pk":22,
      "fields":{
        "action_time":"2020-03-07T15:58:43.012Z",
        "user":5,
        "content_type":8,
        "object_id":"23",
        "object_repr":"Paint the garage",
        "action_flag":2,
        "change_message":"[{\"changed\": {\"fields\": [\"user\", \"tags\"]}}]"
      }
    },
    {
      "model":"admin.logentry",
      "pk":23,
      "fields":{
        "action_time":"2020-03-07T15:59:19.430Z",
        "user":5,
        "content_type":8,
        "object_id":"21",
        "object_repr":"Please clean my house",
        "action_flag":2,
        "change_message":"[{\"changed\": {\"fields\": [\"user\", \"participants\", \"tags\"]}}]"
      }
    },
    {
      "model":"admin.logentry",
      "pk":24,
      "fields":{
        "action_time":"2020-03-07T15:59:31.674Z",
        "user":5,
        "content_type":8,
        "object_id":"22",
        "object_repr":"Clean my basement",
        "action_flag":2,
        "change_message":"[{\"changed\": {\"fields\": [\"tags\"]}}]"
      }
    },
    {
      "model":"admin.logentry",
      "pk":25,
      "fields":{
        "action_time":"2020-03-07T16:00:15.209Z",
        "user":5,
        "content_type":8,
        "object_id":"22",
        "object_repr":"Clean my basement",
        "action_flag":2,
        "change_message":"[{\"changed\": {\"fields\": [\"participants\", \"tags\"]}}]"
      }
    },
    {
      "model":"admin.logentry",
      "pk":26,
      "fields":{
        "action_time":"2020-03-07T16:01:19.447Z",
        "user":5,
        "content_type":8,
        "object_id":"26",
        "object_repr":"Landscaping",
        "action_flag":2,
        "change_message":"[{\"changed\": {\"fields\": [\"user\", \"tags\"]}}]"
      }
    },
    {
      "model":"admin.logentry",
      "pk":27,
      "fields":{
        "action_time":"2020-03-08T14:17:13.357Z",
        "user":5,
        "content_type":10,
        "object_id":"24",
        "object_repr":"24 Clean the bathroom",
        "action_flag":2,
        "change_message":"[{\"changed\": {\"fields\": [\"title\", \"feedback\", \"read\", \"write\", \"modify\"]}}]"
      }
    },
    {
      "model":"admin.logentry",
      "pk":28,
      "fields":{
        "action_time":"2020-03-08T14:39:10.764Z",
        "user":5,
        "content_type":4,
        "object_id":"6",
        "object_repr":"Mats2",
        "action_flag":1,
        "change_message":"[{\"added\": {}}]"
      }
    },
    {
      "model":"admin.logentry",
      "pk":29,
      "fields":{
        "action_time":"2020-03-08T14:39:24.899Z",
        "user":5,
        "content_type":4,
        "object_id":"6",
        "object_repr":"Mats2",
        "action_flag":2,
        "change_message":"[{\"changed\": {\"fields\": [\"first_name\"]}}, {\"changed\": {\"name\": \"profile\", \"object\": \"Mats2\", \"fields\": [\"categories\"]}}]"
      }
    },
    {
      "model":"admin.logentry",
      "pk":30,
      "fields":{
        "action_time":"2020-03-08T15:33:39.342Z",
        "user":5,
        "content_type":10,
        "object_id":"24",
        "object_repr":"24 Clean the bathroom",
        "action_flag":2,
        "change_message":"[{\"changed\": {\"fields\": [\"status\"]}}]"
      }
    },
    {
      "model":"admin.logentry",
      "pk":31,
      "fields":{
        "action_time":"2020-03-08T15:34:34.811Z",
        "user":5,
        "content_type":10,
        "object_id":"24",
        "object_repr":"24 Clean the bathroom",
        "action_flag":2,
        "change_message":"[{\"changed\": {\"fields\": [\"status\"]}}]"
      }
    },
    {
      "model":"admin.logentry",
      "pk":32,
      "fields":{
        "action_time":"2020-03-08T15:35:48.031Z",
        "user":5,
        "content_type":10,
        "object_id":"24",
        "object_repr":"24 Clean the bathroom",
        "action_flag":2,
        "change_message":"[{\"changed\": {\"fields\": [\"status\"]}}]"
      }
    },
    {
      "model":"admin.logentry",
      "pk":33,
      "fields":{
        "action_time":"2020-03-08T16:01:40.665Z",
        "user":5,
        "content_type":10,
        "object_id":"24",
        "object_repr":"24 Clean the bathroom",
        "action_flag":2,
        "change_message":"[{\"changed\": {\"fields\": [\"status\"]}}]"
      }
    },
    {
      "model":"admin.logentry",
      "pk":34,
      "fields":{
        "action_time":"2020-03-08T16:04:14.161Z",
        "user":5,
        "content_type":10,
        "object_id":"24",
        "object_repr":"24 Clean the bathroom",
        "action_flag":2,
        "change_message":"[{\"changed\": {\"fields\": [\"status\"]}}]"
      }
    },
    {
      "model":"admin.logentry",
      "pk":35,
      "fields":{
        "action_time":"2020-03-08T16:06:17.779Z",
        "user":5,
        "content_type":10,
        "object_id":"24",
        "object_repr":"24 Clean the bathroom",
        "action_flag":2,
        "change_message":"[{\"changed\": {\"fields\": [\"status\"]}}]"
      }
    },
    {
      "model":"admin.logentry",
      "pk":36,
      "fields":{
        "action_time":"2020-03-08T17:55:08.955Z",
        "user":5,
        "content_type":10,
        "object_id":"24",
        "object_repr":"24 Clean the bathroom",
        "action_flag":2,
        "change_message":"[]"
      }
    },
    {
      "model":"admin.logentry",
      "pk":37,
      "fields":{
        "action_time":"2020-03-08T17:55:38.266Z",
        "user":5,
        "content_type":10,
        "object_id":"24",
        "object_repr":"24 Clean the bathroom",
        "action_flag":2,
        "change_message":"[{\"changed\": {\"fields\": [\"status\"]}}]"
      }
    },
    {
      "model":"admin.logentry",
      "pk":38,
      "fields":{
        "action_time":"2020-03-08T17:55:53.685Z",
        "user":5,
        "content_type":4,
        "object_id":"5",
        "object_repr":"Mats",
        "action_flag":2,
        "change_message":"[{\"changed\": {\"fields\": [\"email\"]}}]"
      }
    },
    {
      "model":"admin.logentry",
      "pk":39,
      "fields":{
        "action_time":"2020-03-08T17:56:05.700Z",
        "user":5,
        "content_type":4,
        "object_id":"6",
        "object_repr":"Mats2",
        "action_flag":2,
        "change_message":"[{\"changed\": {\"fields\": [\"email\"]}}]"
      }
    },
    {
      "model":"admin.logentry",
      "pk":40,
      "fields":{
        "action_time":"2020-03-08T18:12:59.236Z",
        "user":5,
        "content_type":10,
        "object_id":"24",
        "object_repr":"24 Clean the bathroom",
        "action_flag":2,
        "change_message":"[{\"changed\": {\"fields\": [\"status\"]}}]"
      }
    },
    {
      "model":"admin.logentry",
      "pk":41,
      "fields":{
        "action_time":"2020-03-08T18:19:48.700Z",
        "user":5,
        "content_type":10,
        "object_id":"24",
        "object_repr":"24 Clean the bathroom",
        "action_flag":2,
        "change_message":"[{\"changed\": {\"fields\": [\"status\"]}}]"
      }
    },
    {
      "model":"admin.logentry",
      "pk":42,
      "fields":{
        "action_time":"2020-03-08T18:20:09.602Z",
        "user":5,
        "content_type":4,
        "object_id":"6",
        "object_repr":"Mats2",
        "action_flag":2,
        "change_message":"[{\"changed\": {\"fields\": [\"email\"]}}]"
      }
    },
    {
      "model":"admin.logentry",
      "pk":43,
      "fields":{
        "action_time":"2020-03-08T18:23:14.550Z",
        "user":5,
        "content_type":4,
        "object_id":"6",
        "object_repr":"Mats2",
        "action_flag":2,
        "change_message":"[{\"changed\": {\"fields\": [\"email\"]}}]"
      }
    },
    {
      "model":"admin.logentry",
      "pk":44,
      "fields":{
        "action_time":"2020-03-08T18:23:27.852Z",
        "user":5,
        "content_type":4,
        "object_id":"6",
        "object_repr":"Mats2",
        "action_flag":3,
        "change_message":""
      }
    },
    {
      "model":"admin.logentry",
      "pk":45,
      "fields":{
        "action_time":"2020-03-08T18:23:34.702Z",
        "user":5,
        "content_type":4,
        "object_id":"5",
        "object_repr":"Mats",
        "action_flag":2,
        "change_message":"[{\"changed\": {\"fields\": [\"email\"]}}]"
      }
    },
    {
      "model":"admin.logentry",
      "pk":46,
      "fields":{
        "action_time":"2020-03-08T18:24:29.834Z",
        "user":5,
        "content_type":8,
        "object_id":"22",
        "object_repr":"Clean my basement",
        "action_flag":2,
        "change_message":"[{\"changed\": {\"fields\": [\"status\", \"tags\"]}}]"
      }
    },
    {
      "model":"admin.logentry",
      "pk":47,
      "fields":{
        "action_time":"2020-03-08T18:24:58.720Z",
        "user":5,
        "content_type":8,
        "object_id":"23",
        "object_repr":"Paint the garage",
        "action_flag":2,
        "change_message":"[{\"changed\": {\"fields\": [\"status\", \"tags\"]}}]"
      }
    },
    {
      "model":"admin.logentry",
      "pk":48,
      "fields":{
        "action_time":"2020-03-08T18:26:18.943Z",
        "user":5,
        "content_type":4,
        "object_id":"3",
        "object_repr":"Eirik",
        "action_flag":2,
        "change_message":"[{\"changed\": {\"fields\": [\"first_name\"]}}]"
      }
    },
    {
      "model":"admin.logentry",
      "pk":49,
      "fields":{
        "action_time":"2020-03-08T18:26:26.250Z",
        "user":5,
        "content_type":4,
        "object_id":"4",
        "object_repr":"Seb",
        "action_flag":2,
        "change_message":"[{\"changed\": {\"fields\": [\"first_name\"]}}]"
      }
    },
    {
      "model":"admin.logentry",
      "pk":50,
      "fields":{
        "action_time":"2020-03-08T18:26:49.136Z",
        "user":5,
        "content_type":4,
        "object_id":"3",
        "object_repr":"Eirik",
        "action_flag":2,
        "change_message":"[{\"changed\": {\"fields\": [\"password\"]}}]"
      }
    },
    {
      "model":"admin.logentry",
      "pk":51,
      "fields":{
        "action_time":"2020-03-08T18:27:21.063Z",
        "user":5,
        "content_type":8,
        "object_id":"21",
        "object_repr":"Please clean my house",
        "action_flag":2,
        "change_message":"[{\"changed\": {\"fields\": [\"status\", \"tags\"]}}]"
      }
    },
    {
      "model":"admin.logentry",
      "pk":52,
      "fields":{
        "action_time":"2020-03-08T18:31:22.489Z",
        "user":5,
        "content_type":10,
        "object_id":"24",
        "object_repr":"24 Clean the bathroom",
        "action_flag":2,
        "change_message":"[{\"changed\": {\"fields\": [\"status\"]}}]"
      }
    },
    {
      "model":"admin.logentry",
      "pk":53,
      "fields":{
        "action_time":"2020-03-08T18:34:12.600Z",
        "user":5,
        "content_type":4,
        "object_id":"5",
        "object_repr":"Mats",
        "action_flag":2,
        "change_message":"[{\"changed\": {\"fields\": [\"password\"]}}]"
      }
    },
    {
      "model":"admin.logentry",
      "pk":54,
      "fields":{
        "action_time":"2020-03-08T18:34:38.036Z",
        "user":5,
        "content_type":4,
        "object_id":"4",
        "object_repr":"Seb",
        "action_flag":2,
        "change_message":"[{\"changed\": {\"fields\": [\"is_staff\", \"is_superuser\"]}}]"
      }
    },
    {
      "model":"admin.logentry",
      "pk":55,
      "fields":{
        "action_time":"2020-03-10T16:59:58.783Z",
        "user":5,
        "content_type":9,
        "object_id":"3",
        "object_repr":"Gardening",
        "action_flag":2,
        "change_message":"[{\"changed\": {\"fields\": [\"tags\"]}}]"
      }
    },
    {
      "model":"admin.logentry",
      "pk":56,
      "fields":{
        "action_time":"2020-03-10T17:00:26.215Z",
        "user":5,
        "content_type":9,
        "object_id":"2",
        "object_repr":"Painting",
        "action_flag":2,
        "change_message":"[{\"changed\": {\"fields\": [\"tags\"]}}]"
      }
    },
    {
      "model":"admin.logentry",
      "pk":57,
      "fields":{
        "action_time":"2020-03-10T17:00:55.717Z",
        "user":5,
        "content_type":9,
        "object_id":"1",
        "object_repr":"Cleaning",
        "action_flag":2,
        "change_message":"[{\"changed\": {\"fields\": [\"tags\"]}}]"
      }
    },
    {
      "model":"admin.logentry",
      "pk":58,
      "fields":{
        "action_time":"2020-03-10T17:01:04.017Z",
        "user":5,
        "content_type":8,
        "object_id":"22",
        "object_repr":"Clean my basement",
        "action_flag":2,
        "change_message":"[{\"changed\": {\"fields\": [\"tags\"]}}]"
      }
    }
  ]